epoch,step,train/loss_epoch,val/loss,val/ndcg@10,val/ndcg@5,val/recall@10,val/recall@5
0,0,,28.566068649291992,0.0,0.0,0.0,0.0
0,1,,24.96621322631836,0.0,0.0,0.0,0.0
0,1,,24.281396865844727,0.0,0.0,0.0,0.0
0,2,,22.579967498779297,0.0,0.0,0.0,0.0
0,3,,24.942672729492188,0.0,0.0,0.0,0.0
0,3,,23.133405685424805,0.0,0.0,0.0,0.0
0,4,,22.450666427612305,0.0,0.0,0.0,0.0
0,4,,22.698684692382812,0.0,0.0,0.0,0.0
0,5,,23.056652069091797,0.0,0.0,0.0,0.0
0,6,,22.153316497802734,0.0,0.0,0.0,0.0
0,6,,22.33168601989746,0.0,0.0,0.0,0.0
0,5,24.161195755004883,,,,,
