epoch,step,train/loss_epoch,train/loss_step,val/loss,val/ndcg@10,val/ndcg@5,val/recall@10,val/recall@5
0,99,,16.144317626953125,,,,,
0,99,,,17.478727340698242,0.001651016646064818,0.0010730986250564456,0.0034431873355060816,0.0016098018968477845
0,199,,11.957931518554688,,,,,
0,199,,,13.558735847473145,0.004045404493808746,0.003468598471954465,0.007109958212822676,0.0054107229225337505
0,299,,12.237430572509766,,,,,
0,299,,,11.840359687805176,0.002615218749269843,0.0012229813728481531,0.006170907523483038,0.0019228189485147595
0,399,,9.447072982788086,,,,,
0,399,,,11.007920265197754,0.0016426704823970795,0.0010160064557567239,0.003532620845362544,0.0015203685034066439
0,499,,8.950215339660645,,,,,
0,499,,,10.625986099243164,0.004020912107080221,0.0033466380555182695,0.007780709303915501,0.005679023452103138
0,599,,8.950655937194824,,,,,
0,599,,,10.401941299438477,0.0032549365423619747,0.002772465581074357,0.006439207587391138,0.004918839316815138
0,699,,9.243742942810059,,,,,
0,699,,,10.20950984954834,0.0052202483639121056,0.004637245088815689,0.008809193968772888,0.0070205251686275005
0,799,,10.09343433380127,,,,,
0,799,,,9.93884563446045,0.010810994543135166,0.008743583224713802,0.019809506833553314,0.013459732756018639
0,899,,8.530068397521973,,,,,
0,899,,,9.703527450561523,0.012544771656394005,0.010112609714269638,0.023252693936228752,0.015695568174123764
0,999,,7.3626909255981445,,,,,
0,999,,,9.53862476348877,0.019433556124567986,0.015503059141337872,0.036265257745981216,0.02419174462556839
0,1099,,7.2112884521484375,,,,,
0,1099,,,9.465654373168945,0.022205542773008347,0.018136218190193176,0.04011089727282524,0.027456065639853477
0,1199,,9.830018997192383,,,,,
0,1199,,,9.41203498840332,0.024195604026317596,0.019728226587176323,0.04346465319395065,0.029602468013763428
0,1299,,8.932072639465332,,,,,
0,1299,,,9.333802223205566,0.026505757123231888,0.021673018112778664,0.04744444042444229,0.03246433660387993
0,1399,,7.457613468170166,,,,,
0,1399,,,9.32537841796875,0.027723664417862892,0.022791773080825806,0.048294056206941605,0.03300093859434128
0,1499,,9.604705810546875,,,,,
0,1499,,,9.25858211517334,0.02847006916999817,0.023771246895194054,0.05052989348769188,0.03595224395394325
0,1599,,8.309253692626953,,,,,
0,1599,,,9.333534240722656,0.029560590162873268,0.024813733994960785,0.051692526787519455,0.03707015886902809
0,1699,,8.961612701416016,,,,,
0,1699,,,9.29372501373291,0.03048466518521309,0.025722360238432884,0.05249742791056633,0.03774091228842735
0,1799,,8.873028755187988,,,,,
0,1799,,,9.323905944824219,0.03247382491827011,0.027623185887932777,0.05518043041229248,0.04011089727282524
0,1899,,7.385068893432617,,,,,
0,1899,,,9.407123565673828,0.03303801640868187,0.027941225096583366,0.056343067437410355,0.040602780878543854
0,1999,,9.447710990905762,,,,,
0,1999,,,9.419997215270996,0.03437865152955055,0.028969427570700645,0.05844475328922272,0.04176541790366173
0,2099,,5.925343990325928,,,,,
0,2099,,,9.407593727111816,0.03527197614312172,0.030171453952789307,0.05893663689494133,0.04315163567662239
0,2199,,5.954300403594971,,,,,
0,2199,,,9.505012512207031,0.03595903888344765,0.030999915674328804,0.06005455553531647,0.04462728649377823
0,2299,,6.696478366851807,,,,,
0,2299,,,9.606343269348145,0.035701997578144073,0.030416758731007576,0.05951795354485512,0.043106917291879654
0,2399,,7.285642147064209,,,,,
0,2399,,,9.586126327514648,0.03652351722121239,0.03139198198914528,0.060278136283159256,0.04440370202064514
0,2499,,5.236499309539795,,,,,
0,2499,,,9.667153358459473,0.03689321130514145,0.032260552048683167,0.06041228771209717,0.04601350426673889
0,2599,,8.619180679321289,,,,,
0,2599,,,9.65785026550293,0.036591872572898865,0.03138450160622597,0.06054643914103508,0.04449313506484032
0,2699,,8.570513725280762,,,,,
0,2699,,,9.853055000305176,0.03680180385708809,0.03191321715712547,0.05978625267744064,0.04462728649377823
0,2799,,5.237637519836426,,,,,
0,2799,,,9.821564674377441,0.03719219192862511,0.03235182166099548,0.06121718883514404,0.046326521784067154
0,2899,,8.043991088867188,,,,,
0,2899,,,9.988007545471191,0.036806683987379074,0.032063066959381104,0.05996512249112129,0.04525332152843475
0,2999,,6.066790580749512,,,,,
0,2999,,,10.028433799743652,0.036757081747055054,0.03185906261205673,0.05933908745646477,0.04422483593225479
0,3099,,4.20330810546875,,,,,
0,3099,,,9.987812995910645,0.036816831678152084,0.0320681557059288,0.06036757305264473,0.04570048674941063
0,3199,,4.525515079498291,,,,,
0,3199,,,10.127052307128906,0.037712451070547104,0.03273856267333031,0.06179850548505783,0.04641595482826233
0,3299,,7.021512031555176,,,,,
0,3299,,,10.199824333190918,0.037509992718696594,0.032716717571020126,0.06041228771209717,0.045566339045763016
0,3399,,8.937644004821777,,,,,
0,3399,,,10.230420112609863,0.03792288526892662,0.0331459566950798,0.06130662187933922,0.046505387872457504
0,3499,,7.822571277618408,,,,,
0,3499,,,10.331701278686523,0.03808290883898735,0.03341057524085045,0.06072530522942543,0.046326521784067154
0,3599,,7.427680015563965,,,,,
0,3599,,,10.452244758605957,0.03728150203824043,0.03264033794403076,0.05965210497379303,0.04529803618788719
0,3699,,6.586910247802734,,,,,
0,3699,,,10.477367401123047,0.0387561209499836,0.03379311040043831,0.06103832274675369,0.045745205134153366
0,3799,,4.378129005432129,,,,,
0,3799,,,10.608797073364258,0.03703515976667404,0.032394129782915115,0.05978625267744064,0.04538746923208237
0,3899,,3.173677682876587,,,,,
0,3899,,,10.616726875305176,0.03747275844216347,0.032680824398994446,0.05978625267744064,0.04498501867055893
0,3999,,4.829570293426514,,,,,
0,3999,,,10.702794075012207,0.03731678053736687,0.03241553157567978,0.06072530522942543,0.04547690227627754
0,4099,,6.023280620574951,,,,,
0,4099,,,10.635968208312988,0.03766603395342827,0.033113542944192886,0.060457006096839905,0.046326521784067154
0,4199,,5.845487594604492,,,,,
0,4199,,,10.540335655212402,0.03824324905872345,0.033916033804416656,0.06000983715057373,0.04659482091665268
0,4299,,4.810527324676514,,,,,
0,4299,,,10.917502403259277,0.037202998995780945,0.03229498490691185,0.060278136283159256,0.04516388848423958
0,4399,,5.386826515197754,,,,,
0,4399,,,10.966157913208008,0.037569548934698105,0.032587625086307526,0.06018870323896408,0.04480615258216858
0,4499,,6.845615863800049,,,,,
0,4499,,,11.036759376525879,0.03646508604288101,0.0321919210255146,0.05826588720083237,0.045029737055301666
0,4599,,6.79993200302124,,,,,
0,4599,,,11.244261741638184,0.03601491078734398,0.03118734620511532,0.05875777080655098,0.04386710375547409
0,4699,,7.07656717300415,,,,,
0,4699,,,10.863537788391113,0.03715525567531586,0.032337501645088196,0.05987568572163582,0.045029737055301666
0,4799,,6.2032084465026855,,,,,
0,4799,,,11.26724910736084,0.0368717685341835,0.03221537917852402,0.059741538017988205,0.04525332152843475
0,4899,,5.908449172973633,,,,,
0,4899,,,11.456958770751953,0.03610353544354439,0.031333666294813156,0.058310601860284805,0.043643519282341
0,4999,,8.081558227539062,,,,,
0,4999,,,11.384766578674316,0.03575442358851433,0.030989352613687515,0.05768456682562828,0.04297276586294174
0,5099,,6.14765739440918,,,,,
0,5099,,,11.280397415161133,0.0368545725941658,0.03189472481608391,0.06014398857951164,0.044895585626363754
0,5199,,4.126923561096191,,,,,
0,5199,,,11.538827896118164,0.03613560274243355,0.031002499163150787,0.05871305242180824,0.04288333281874657
0,5199,7.58261251449585,,,,,,
